{
  "model_name": "xgboost",
  "accuracy": 0.9246376811594202,
  "precision": 0.907608695652174,
  "recall": 0.9488636363636364,
  "f1": 0.9277777777777778,
  "roc_auc": 0.9749865519096288,
  "classification_report": {
    "0": {
      "precision": 0.9440993788819876,
      "recall": 0.8994082840236687,
      "f1-score": 0.9212121212121213,
      "support": 169.0
    },
    "1": {
      "precision": 0.907608695652174,
      "recall": 0.9488636363636364,
      "f1-score": 0.9277777777777778,
      "support": 176.0
    },
    "accuracy": 0.9246376811594202,
    "macro avg": {
      "precision": 0.9258540372670807,
      "recall": 0.9241359601936525,
      "f1-score": 0.9244949494949495,
      "support": 345.0
    },
    "weighted avg": {
      "precision": 0.9254838419299667,
      "recall": 0.9246376811594202,
      "f1-score": 0.9245615576050359,
      "support": 345.0
    }
  },
  "selected_as_best_model": true
}