{
  "best_model_name": "xgboost",
  "selection_metric": "roc_auc",
  "models": {
    "logistic_regression": {
      "model_name": "logistic_regression",
      "accuracy": 0.6405797101449275,
      "precision": 0.63,
      "recall": 0.7159090909090909,
      "f1": 0.6702127659574468,
      "roc_auc": 0.6905258203335127,
      "classification_report": {
        "0": {
          "precision": 0.6551724137931034,
          "recall": 0.5621301775147929,
          "f1-score": 0.6050955414012739,
          "support": 169.0
        },
        "1": {
          "precision": 0.63,
          "recall": 0.7159090909090909,
          "f1-score": 0.6702127659574468,
          "support": 176.0
        },
        "accuracy": 0.6405797101449275,
        "macro avg": {
          "precision": 0.6425862068965518,
          "recall": 0.6390196342119419,
          "f1-score": 0.6376541536793603,
          "support": 345.0
        },
        "weighted avg": {
          "precision": 0.6423308345827086,
          "recall": 0.6405797101449275,
          "f1-score": 0.6383147632038433,
          "support": 345.0
        }
      }
    },
    "random_forest": {
      "model_name": "random_forest",
      "accuracy": 0.9101449275362319,
      "precision": 0.8756476683937824,
      "recall": 0.9602272727272727,
      "f1": 0.9159891598915989,
      "roc_auc": 0.9744150080688543,
      "classification_report": {
        "0": {
          "precision": 0.9539473684210527,
          "recall": 0.8579881656804734,
          "f1-score": 0.9034267912772586,
          "support": 169.0
        },
        "1": {
          "precision": 0.8756476683937824,
          "recall": 0.9602272727272727,
          "f1-score": 0.9159891598915989,
          "support": 176.0
        },
        "accuracy": 0.9101449275362319,
        "macro avg": {
          "precision": 0.9147975184074175,
          "recall": 0.909107719203873,
          "f1-score": 0.9097079755844287,
          "support": 345.0
        },
        "weighted avg": {
          "precision": 0.9140031736245322,
          "recall": 0.9101449275362319,
          "f1-score": 0.9098354199037045,
          "support": 345.0
        }
      }
    },
    "xgboost": {
      "model_name": "xgboost",
      "accuracy": 0.9246376811594202,
      "precision": 0.907608695652174,
      "recall": 0.9488636363636364,
      "f1": 0.9277777777777778,
      "roc_auc": 0.9749865519096288,
      "classification_report": {
        "0": {
          "precision": 0.9440993788819876,
          "recall": 0.8994082840236687,
          "f1-score": 0.9212121212121213,
          "support": 169.0
        },
        "1": {
          "precision": 0.907608695652174,
          "recall": 0.9488636363636364,
          "f1-score": 0.9277777777777778,
          "support": 176.0
        },
        "accuracy": 0.9246376811594202,
        "macro avg": {
          "precision": 0.9258540372670807,
          "recall": 0.9241359601936525,
          "f1-score": 0.9244949494949495,
          "support": 345.0
        },
        "weighted avg": {
          "precision": 0.9254838419299667,
          "recall": 0.9246376811594202,
          "f1-score": 0.9245615576050359,
          "support": 345.0
        }
      },
      "selected_as_best_model": true
    }
  }
}