{
  "model_name": "logistic_regression",
  "accuracy": 0.6405797101449275,
  "precision": 0.63,
  "recall": 0.7159090909090909,
  "f1": 0.6702127659574468,
  "roc_auc": 0.6905258203335127,
  "classification_report": {
    "0": {
      "precision": 0.6551724137931034,
      "recall": 0.5621301775147929,
      "f1-score": 0.6050955414012739,
      "support": 169.0
    },
    "1": {
      "precision": 0.63,
      "recall": 0.7159090909090909,
      "f1-score": 0.6702127659574468,
      "support": 176.0
    },
    "accuracy": 0.6405797101449275,
    "macro avg": {
      "precision": 0.6425862068965518,
      "recall": 0.6390196342119419,
      "f1-score": 0.6376541536793603,
      "support": 345.0
    },
    "weighted avg": {
      "precision": 0.6423308345827086,
      "recall": 0.6405797101449275,
      "f1-score": 0.6383147632038433,
      "support": 345.0
    }
  }
}