{
  "model_name": "logistic_regression",
  "accuracy": 0.8571428571428571,
  "precision": 0.8787878787878788,
  "recall": 0.8285714285714286,
  "f1": 0.8529411764705882,
  "roc_auc": 0.9330612244897959,
  "classification_report": {
    "0": {
      "precision": 0.8378378378378378,
      "recall": 0.8857142857142857,
      "f1-score": 0.8611111111111112,
      "support": 35.0
    },
    "1": {
      "precision": 0.8787878787878788,
      "recall": 0.8285714285714286,
      "f1-score": 0.8529411764705882,
      "support": 35.0
    },
    "accuracy": 0.8571428571428571,
    "macro avg": {
      "precision": 0.8583128583128583,
      "recall": 0.8571428571428572,
      "f1-score": 0.8570261437908497,
      "support": 70.0
    },
    "weighted avg": {
      "precision": 0.8583128583128583,
      "recall": 0.8571428571428571,
      "f1-score": 0.8570261437908497,
      "support": 70.0
    }
  }
}